<?xml version = "1.0" encoding = "UTF-8"?>
<!DOCTYPE suite SYSTEM "http://testng.org/testng-1.0.dtd" >

<suite name = "Suite1">
   <test name = "test">
      <classes>
         <class name = "Demo.TestCustomer1111"/>
         <class name = "Demo.TestCustomer2222"/>
         <class name = "Demo.TestCustomer3333"/>
         <class name = "Demo.TestCustomer4444"/>
         <class name = "Demo.TestCustomer5555"/>
         <class name = "Demo.TestCustomer6666"/>
         <class name = "Demo.TestCustomerNotFound"/>
         <class name = "Demo.TestOne"/>
      </classes>
   </test>
   <listeners>
   <listener class-name="resources.ExtentReporterNG" />
   </listeners>
</suite>
